# First field is # dimensions of each datapoint, 2nd is gesture class, Next fields are raw time series in order t_f1[0], t_f2[0], t_f3[0] etc. where f1, f2, etc are features and [0] is time
2,1,73.0,340.0,73.0,340.0,73.0,340.0,73.0,340.0,76.0,336.0,78.0,334.0,79.0,333.0,81.0,330.0,83.0,329.0,87.0,325.0,87.0,324.0,88.0,323.0,89.0,323.0,90.0,322.0,93.0,320.0,97.0,317.0,98.0,315.0,100.0,312.0,107.0,307.0,114.0,302.0,117.0,297.0,122.0,294.0,125.0,290.0,129.0,287.0,131.0,285.0,136.0,279.0,139.0,277.0,145.0,273.0,147.0,271.0,151.0,267.0,152.0,265.0,157.0,261.0,161.0,258.0,164.0,254.0,166.0,251.0,170.0,248.0,174.0,245.0,177.0,242.0,180.0,239.0,185.0,235.0,189.0,230.0,191.0,228.0,194.0,225.0,197.0,221.0,200.0,220.0,203.0,216.0,205.0,213.0,208.0,209.0,210.0,207.0,213.0,204.0,218.0,199.0,220.0,195.0,223.0,192.0,227.0,189.0,230.0,186.0,234.0,180.0,236.0,178.0,238.0,176.0,245.0,173.0,246.0,171.0,248.0,169.0,251.0,167.0,253.0,166.0,257.0,163.0,259.0,162.0,261.0,161.0,262.0,160.0,267.0,159.0,271.0,158.0,273.0,158.0,277.0,155.0,283.0,154.0,285.0,154.0,290.0,154.0,294.0,153.0,297.0,153.0,301.0,153.0,303.0,153.0,305.0,153.0,308.0,153.0,312.0,153.0,318.0,153.0,322.0,155.0,330.0,159.0,338.0,161.0,347.0,165.0,351.0,167.0,356.0,170.0,361.0,174.0,364.0,176.0,366.0,178.0,369.0,181.0,375.0,186.0,380.0,190.0,388.0,196.0,393.0,202.0,398.0,206.0,402.0,209.0,408.0,213.0,415.0,221.0,417.0,223.0,422.0,227.0,428.0,232.0,431.0,236.0,437.0,239.0,439.0,242.0,441.0,244.0,446.0,249.0,450.0,252.0,452.0,254.0,454.0,256.0,458.0,261.0,461.0,263.0,464.0,267.0,468.0,272.0,473.0,277.0,482.0,287.0,487.0,292.0,492.0,296.0,497.0,302.0,501.0,306.0,505.0,310.0,512.0,317.0,514.0,319.0,516.0,321.0,517.0,323.0,521.0,325.0,522.0,326.0,526.0,329.0,527.0,329.0,527.0,329.0,529.0,332.0,531.0,336.0,534.0,340.0,535.0,341.0,536.0,342.0,536.0,342.0,536.0,342.0,536.0,342.0,
2,1,70.0,347.0,70.0,347.0,70.0,347.0,70.0,347.0,70.0,347.0,70.0,347.0,70.0,347.0,70.0,345.0,71.0,344.0,72.0,343.0,74.0,341.0,76.0,338.0,77.0,336.0,79.0,334.0,80.0,333.0,83.0,330.0,83.0,330.0,85.0,328.0,88.0,324.0,92.0,321.0,96.0,315.0,100.0,310.0,103.0,306.0,108.0,300.0,114.0,293.0,118.0,289.0,122.0,285.0,125.0,282.0,130.0,276.0,138.0,270.0,143.0,265.0,147.0,260.0,153.0,255.0,158.0,250.0,162.0,246.0,168.0,242.0,170.0,239.0,175.0,235.0,179.0,232.0,182.0,230.0,186.0,227.0,189.0,224.0,198.0,217.0,203.0,214.0,206.0,212.0,209.0,209.0,216.0,204.0,219.0,199.0,224.0,196.0,229.0,192.0,233.0,189.0,235.0,185.0,238.0,183.0,242.0,181.0,244.0,179.0,247.0,177.0,249.0,175.0,252.0,172.0,255.0,170.0,256.0,169.0,259.0,167.0,261.0,166.0,262.0,165.0,266.0,164.0,271.0,160.0,273.0,159.0,275.0,157.0,279.0,155.0,283.0,154.0,284.0,153.0,285.0,152.0,285.0,152.0,285.0,152.0,287.0,152.0,288.0,152.0,290.0,152.0,291.0,152.0,296.0,152.0,299.0,152.0,304.0,152.0,309.0,152.0,311.0,153.0,316.0,156.0,318.0,156.0,321.0,157.0,325.0,161.0,329.0,163.0,332.0,165.0,339.0,169.0,343.0,172.0,348.0,175.0,357.0,181.0,363.0,187.0,370.0,190.0,377.0,196.0,381.0,199.0,384.0,200.0,388.0,203.0,391.0,205.0,395.0,209.0,401.0,213.0,404.0,215.0,406.0,218.0,409.0,219.0,416.0,226.0,421.0,230.0,426.0,235.0,431.0,239.0,432.0,240.0,436.0,243.0,439.0,245.0,441.0,247.0,444.0,249.0,446.0,251.0,450.0,254.0,451.0,256.0,457.0,259.0,462.0,263.0,468.0,268.0,472.0,272.0,476.0,275.0,479.0,278.0,486.0,285.0,489.0,287.0,492.0,289.0,497.0,292.0,498.0,293.0,503.0,298.0,505.0,300.0,509.0,304.0,512.0,306.0,514.0,310.0,516.0,312.0,518.0,314.0,520.0,316.0,522.0,318.0,524.0,322.0,526.0,324.0,529.0,328.0,531.0,329.0,532.0,332.0,534.0,333.0,534.0,333.0,534.0,333.0,534.0,333.0,534.0,333.0,534.0,333.0,534.0,333.0,534.0,333.0,534.0,333.0,534.0,333.0,534.0,333.0,534.0,333.0,534.0,333.0,
2,2,166.0,188.0,166.0,188.0,166.0,188.0,167.0,188.0,169.0,186.0,171.0,182.0,173.0,179.0,175.0,177.0,175.0,176.0,177.0,175.0,179.0,173.0,181.0,170.0,182.0,168.0,184.0,166.0,186.0,164.0,188.0,161.0,190.0,157.0,197.0,152.0,199.0,150.0,201.0,147.0,208.0,140.0,213.0,135.0,219.0,130.0,227.0,121.0,234.0,113.0,241.0,105.0,247.0,101.0,253.0,93.0,256.0,89.0,261.0,84.0,265.0,80.0,268.0,76.0,271.0,74.0,274.0,72.0,279.0,67.0,282.0,64.0,286.0,60.0,288.0,58.0,291.0,56.0,291.0,56.0,292.0,55.0,292.0,55.0,292.0,55.0,292.0,55.0,292.0,55.0,292.0,55.0,292.0,55.0,292.0,55.0,295.0,55.0,298.0,58.0,302.0,62.0,309.0,67.0,312.0,69.0,314.0,71.0,318.0,73.0,320.0,76.0,324.0,79.0,327.0,83.0,331.0,86.0,333.0,89.0,335.0,91.0,339.0,94.0,341.0,97.0,345.0,99.0,347.0,101.0,349.0,103.0,354.0,106.0,359.0,109.0,361.0,111.0,364.0,115.0,368.0,118.0,376.0,124.0,379.0,127.0,385.0,133.0,391.0,139.0,395.0,142.0,399.0,146.0,401.0,149.0,406.0,152.0,408.0,154.0,409.0,155.0,412.0,158.0,414.0,161.0,418.0,165.0,420.0,166.0,420.0,167.0,421.0,168.0,423.0,169.0,423.0,169.0,423.0,169.0,423.0,169.0,423.0,169.0,423.0,169.0,423.0,169.0,423.0,169.0,423.0,169.0,423.0,169.0,421.0,171.0,420.0,171.0,416.0,171.0,415.0,171.0,412.0,171.0,410.0,171.0,406.0,171.0,401.0,171.0,394.0,171.0,388.0,171.0,385.0,171.0,380.0,171.0,377.0,171.0,370.0,171.0,367.0,171.0,364.0,171.0,356.0,172.0,351.0,172.0,345.0,173.0,340.0,173.0,335.0,175.0,329.0,176.0,321.0,177.0,314.0,178.0,309.0,179.0,301.0,179.0,297.0,180.0,289.0,181.0,281.0,182.0,275.0,182.0,267.0,183.0,260.0,183.0,256.0,184.0,250.0,184.0,246.0,186.0,242.0,186.0,233.0,186.0,229.0,186.0,226.0,186.0,223.0,187.0,219.0,187.0,215.0,188.0,212.0,188.0,209.0,188.0,205.0,188.0,202.0,188.0,199.0,188.0,195.0,188.0,193.0,188.0,190.0,188.0,188.0,188.0,185.0,188.0,181.0,188.0,178.0,188.0,177.0,188.0,176.0,188.0,173.0,188.0,173.0,188.0,167.0,188.0,165.0,188.0,162.0,188.0,161.0,188.0,159.0,188.0,159.0,188.0,159.0,188.0,159.0,188.0,159.0,188.0,159.0,188.0,159.0,188.0,159.0,188.0,159.0,188.0,159.0,188.0,159.0,190.0,159.0,192.0,159.0,195.0,159.0,198.0,159.0,205.0,159.0,209.0,159.0,213.0,159.0,220.0,159.0,226.0,159.0,232.0,159.0,238.0,159.0,244.0,159.0,249.0,159.0,254.0,159.0,259.0,159.0,265.0,159.0,272.0,159.0,282.0,160.0,287.0,161.0,293.0,161.0,299.0,162.0,307.0,164.0,315.0,164.0,318.0,165.0,326.0,165.0,328.0,166.0,332.0,167.0,336.0,168.0,341.0,169.0,343.0,169.0,344.0,169.0,344.0,169.0,344.0,169.0,344.0,169.0,344.0,171.0,344.0,171.0,344.0,172.0,344.0,173.0,344.0,176.0,344.0,180.0,344.0,188.0,344.0,191.0,344.0,197.0,344.0,209.0,343.0,217.0,343.0,225.0,342.0,234.0,342.0,245.0,342.0,255.0,342.0,262.0,342.0,272.0,340.0,279.0,340.0,292.0,340.0,301.0,340.0,307.0,340.0,317.0,340.0,322.0,340.0,330.0,340.0,336.0,340.0,345.0,340.0,353.0,340.0,365.0,340.0,370.0,340.0,377.0,340.0,381.0,340.0,390.0,340.0,396.0,340.0,401.0,341.0,409.0,341.0,413.0,341.0,416.0,341.0,417.0,341.0,418.0,341.0,419.0,341.0,419.0,341.0,419.0,341.0,419.0,341.0,419.0,341.0,419.0,341.0,419.0,341.0,419.0,340.0,419.0,337.0,419.0,333.0,419.0,328.0,419.0,320.0,419.0,318.0,419.0,314.0,419.0,308.0,419.0,304.0,419.0,300.0,419.0,294.0,419.0,290.0,419.0,284.0,419.0,279.0,419.0,276.0,419.0,270.0,419.0,261.0,419.0,257.0,419.0,252.0,419.0,246.0,419.0,241.0,419.0,234.0,419.0,231.0,419.0,226.0,419.0,221.0,419.0,215.0,419.0,211.0,419.0,208.0,419.0,205.0,421.0,202.0,421.0,200.0,422.0,198.0,422.0,195.0,422.0,194.0,422.0,191.0,422.0,188.0,422.0,187.0,423.0,185.0,423.0,182.0,423.0,179.0,423.0,178.0,423.0,177.0,423.0,176.0,423.0,175.0,423.0,174.0,423.0,174.0,423.0,174.0,423.0,174.0,423.0,174.0,423.0,173.0,423.0,173.0,423.0,171.0,423.0,171.0,423.0,170.0,423.0,169.0,423.0,169.0,423.0,169.0,423.0,169.0,423.0,169.0,423.0,169.0,423.0,169.0,423.0,169.0,423.0,169.0,423.0,169.0,423.0,169.0,423.0,169.0,
2,2,161.0,195.0,161.0,195.0,161.0,195.0,161.0,194.0,161.0,191.0,164.0,188.0,166.0,186.0,168.0,182.0,171.0,180.0,174.0,175.0,177.0,171.0,178.0,170.0,179.0,168.0,182.0,163.0,185.0,160.0,188.0,156.0,191.0,153.0,192.0,151.0,196.0,146.0,200.0,142.0,203.0,139.0,204.0,138.0,205.0,136.0,208.0,133.0,212.0,131.0,219.0,124.0,222.0,121.0,226.0,117.0,235.0,111.0,238.0,108.0,243.0,104.0,248.0,99.0,253.0,95.0,256.0,92.0,260.0,88.0,262.0,86.0,263.0,85.0,266.0,82.0,272.0,77.0,273.0,76.0,275.0,74.0,276.0,74.0,279.0,72.0,281.0,72.0,285.0,69.0,289.0,67.0,291.0,66.0,293.0,65.0,294.0,63.0,294.0,63.0,296.0,62.0,298.0,61.0,299.0,60.0,299.0,60.0,299.0,60.0,300.0,60.0,305.0,64.0,309.0,68.0,317.0,73.0,329.0,86.0,342.0,94.0,353.0,103.0,363.0,112.0,379.0,124.0,386.0,129.0,396.0,137.0,406.0,146.0,414.0,151.0,423.0,160.0,430.0,165.0,439.0,170.0,444.0,175.0,445.0,176.0,451.0,180.0,455.0,183.0,460.0,186.0,461.0,187.0,463.0,189.0,464.0,191.0,464.0,191.0,464.0,191.0,464.0,191.0,464.0,191.0,464.0,191.0,464.0,191.0,464.0,191.0,464.0,191.0,464.0,191.0,464.0,191.0,458.0,191.0,453.0,191.0,442.0,192.0,437.0,192.0,432.0,192.0,426.0,192.0,418.0,192.0,412.0,192.0,406.0,192.0,399.0,192.0,389.0,192.0,376.0,192.0,370.0,192.0,362.0,192.0,356.0,192.0,343.0,192.0,336.0,192.0,328.0,192.0,321.0,192.0,309.0,192.0,302.0,192.0,296.0,192.0,292.0,192.0,286.0,192.0,276.0,192.0,263.0,192.0,260.0,192.0,251.0,192.0,245.0,192.0,234.0,192.0,229.0,192.0,225.0,192.0,218.0,192.0,211.0,192.0,206.0,192.0,201.0,192.0,195.0,192.0,189.0,192.0,188.0,192.0,186.0,192.0,184.0,192.0,180.0,192.0,177.0,192.0,175.0,192.0,173.0,192.0,172.0,192.0,171.0,192.0,169.0,192.0,169.0,192.0,168.0,192.0,168.0,192.0,168.0,192.0,168.0,192.0,168.0,192.0,168.0,192.0,168.0,192.0,168.0,192.0,168.0,192.0,167.0,195.0,167.0,202.0,167.0,209.0,167.0,214.0,167.0,220.0,167.0,227.0,167.0,231.0,167.0,235.0,167.0,237.0,167.0,241.0,167.0,247.0,167.0,255.0,167.0,259.0,167.0,265.0,167.0,270.0,167.0,278.0,167.0,283.0,167.0,287.0,167.0,291.0,167.0,294.0,167.0,301.0,168.0,307.0,168.0,316.0,168.0,322.0,168.0,327.0,169.0,331.0,169.0,337.0,169.0,342.0,169.0,345.0,169.0,346.0,169.0,347.0,169.0,347.0,169.0,348.0,169.0,350.0,169.0,351.0,169.0,352.0,169.0,352.0,169.0,352.0,169.0,352.0,169.0,352.0,169.0,352.0,169.0,352.0,171.0,353.0,175.0,353.0,176.0,353.0,184.0,353.0,188.0,352.0,195.0,350.0,200.0,350.0,209.0,349.0,218.0,348.0,226.0,348.0,235.0,348.0,245.0,348.0,256.0,348.0,264.0,347.0,271.0,347.0,278.0,347.0,291.0,347.0,297.0,347.0,303.0,347.0,308.0,347.0,312.0,347.0,321.0,346.0,327.0,346.0,331.0,346.0,337.0,346.0,343.0,346.0,349.0,346.0,356.0,346.0,363.0,346.0,373.0,346.0,378.0,346.0,385.0,346.0,391.0,346.0,395.0,346.0,406.0,346.0,410.0,346.0,416.0,346.0,420.0,346.0,426.0,346.0,432.0,346.0,434.0,346.0,438.0,346.0,439.0,346.0,440.0,346.0,441.0,346.0,442.0,346.0,442.0,346.0,442.0,346.0,442.0,346.0,442.0,346.0,444.0,344.0,444.0,342.0,444.0,338.0,444.0,334.0,444.0,332.0,444.0,330.0,444.0,324.0,444.0,317.0,444.0,311.0,444.0,305.0,444.0,299.0,444.0,291.0,444.0,286.0,444.0,282.0,444.0,275.0,444.0,268.0,444.0,263.0,444.0,257.0,444.0,252.0,444.0,247.0,444.0,241.0,444.0,237.0,444.0,232.0,444.0,228.0,444.0,223.0,444.0,219.0,444.0,216.0,444.0,214.0,444.0,212.0,444.0,208.0,444.0,206.0,444.0,203.0,444.0,202.0,444.0,200.0,444.0,199.0,444.0,198.0,444.0,197.0,444.0,195.0,444.0,194.0,444.0,192.0,444.0,192.0,444.0,192.0,444.0,192.0,444.0,191.0,444.0,190.0,444.0,190.0,444.0,190.0,444.0,190.0,444.0,190.0,444.0,190.0,444.0,188.0,444.0,186.0,
2,2,167.0,194.0,167.0,194.0,167.0,194.0,167.0,190.0,168.0,187.0,170.0,184.0,171.0,179.0,173.0,174.0,177.0,168.0,179.0,164.0,181.0,158.0,184.0,152.0,189.0,147.0,189.0,145.0,194.0,141.0,198.0,136.0,201.0,132.0,205.0,125.0,210.0,121.0,213.0,116.0,217.0,111.0,220.0,108.0,224.0,104.0,228.0,100.0,233.0,93.0,236.0,91.0,243.0,86.0,246.0,82.0,249.0,80.0,253.0,77.0,257.0,74.0,261.0,71.0,264.0,67.0,268.0,64.0,273.0,60.0,275.0,58.0,280.0,56.0,283.0,53.0,287.0,51.0,290.0,50.0,292.0,48.0,292.0,48.0,294.0,48.0,294.0,48.0,294.0,48.0,294.0,48.0,294.0,48.0,294.0,48.0,295.0,48.0,305.0,57.0,312.0,63.0,321.0,71.0,333.0,80.0,343.0,89.0,355.0,99.0,370.0,110.0,381.0,120.0,392.0,128.0,401.0,136.0,413.0,144.0,420.0,150.0,428.0,156.0,437.0,165.0,443.0,171.0,448.0,177.0,451.0,181.0,453.0,186.0,456.0,189.0,458.0,191.0,460.0,193.0,461.0,195.0,462.0,198.0,462.0,198.0,463.0,199.0,463.0,199.0,463.0,199.0,463.0,199.0,463.0,199.0,463.0,199.0,463.0,199.0,463.0,199.0,463.0,199.0,458.0,200.0,449.0,200.0,437.0,200.0,428.0,200.0,418.0,200.0,411.0,200.0,401.0,200.0,383.0,200.0,371.0,200.0,363.0,200.0,353.0,200.0,343.0,200.0,333.0,200.0,324.0,200.0,310.0,200.0,302.0,200.0,294.0,200.0,287.0,200.0,277.0,200.0,271.0,200.0,263.0,200.0,257.0,200.0,247.0,200.0,242.0,200.0,236.0,200.0,230.0,200.0,223.0,200.0,216.0,200.0,211.0,198.0,205.0,197.0,195.0,197.0,190.0,197.0,184.0,197.0,181.0,197.0,177.0,196.0,172.0,195.0,168.0,195.0,167.0,195.0,166.0,195.0,163.0,194.0,163.0,194.0,162.0,193.0,162.0,193.0,162.0,193.0,162.0,193.0,162.0,193.0,162.0,193.0,162.0,193.0,160.0,193.0,160.0,199.0,160.0,206.0,160.0,216.0,160.0,225.0,162.0,239.0,163.0,247.0,163.0,253.0,163.0,258.0,164.0,269.0,164.0,275.0,165.0,283.0,165.0,289.0,165.0,302.0,166.0,308.0,167.0,316.0,167.0,321.0,168.0,324.0,169.0,332.0,170.0,335.0,170.0,339.0,172.0,345.0,172.0,348.0,173.0,353.0,173.0,353.0,173.0,353.0,173.0,353.0,173.0,353.0,173.0,353.0,173.0,353.0,173.0,355.0,177.0,355.0,180.0,355.0,182.0,355.0,188.0,355.0,195.0,354.0,207.0,353.0,215.0,353.0,227.0,352.0,234.0,352.0,251.0,352.0,259.0,352.0,266.0,352.0,273.0,352.0,278.0,351.0,286.0,350.0,292.0,349.0,297.0,349.0,301.0,349.0,307.0,348.0,317.0,347.0,324.0,347.0,330.0,347.0,337.0,346.0,345.0,345.0,353.0,345.0,358.0,345.0,369.0,345.0,374.0,345.0,379.0,344.0,387.0,344.0,400.0,344.0,405.0,344.0,412.0,344.0,417.0,344.0,419.0,344.0,423.0,344.0,424.0,344.0,429.0,344.0,429.0,344.0,431.0,344.0,431.0,344.0,431.0,344.0,435.0,344.0,442.0,344.0,444.0,344.0,445.0,344.0,447.0,344.0,448.0,344.0,450.0,344.0,451.0,344.0,451.0,344.0,451.0,344.0,451.0,344.0,451.0,344.0,451.0,344.0,451.0,344.0,451.0,344.0,451.0,344.0,452.0,344.0,452.0,341.0,452.0,336.0,452.0,328.0,452.0,328.0,452.0,321.0,452.0,318.0,452.0,315.0,452.0,309.0,452.0,303.0,452.0,300.0,452.0,293.0,451.0,291.0,451.0,286.0,451.0,282.0,451.0,278.0,451.0,274.0,451.0,269.0,451.0,263.0,451.0,261.0,451.0,257.0,451.0,250.0,451.0,246.0,451.0,240.0,451.0,236.0,451.0,234.0,451.0,229.0,451.0,225.0,451.0,222.0,451.0,220.0,451.0,217.0,451.0,213.0,451.0,209.0,451.0,207.0,451.0,206.0,451.0,204.0,451.0,198.0,451.0,197.0,451.0,195.0,451.0,194.0,451.0,194.0,451.0,194.0,451.0,193.0,451.0,193.0,451.0,193.0,451.0,193.0,451.0,193.0,451.0,193.0,451.0,193.0,
2,3,64.0,68.0,64.0,68.0,64.0,68.0,65.0,70.0,65.0,74.0,68.0,83.0,70.0,91.0,71.0,98.0,74.0,105.0,77.0,113.0,81.0,120.0,85.0,127.0,88.0,131.0,91.0,137.0,98.0,145.0,103.0,150.0,106.0,154.0,115.0,163.0,120.0,166.0,124.0,169.0,130.0,172.0,137.0,176.0,143.0,179.0,153.0,186.0,159.0,188.0,167.0,192.0,174.0,196.0,188.0,200.0,193.0,201.0,201.0,203.0,206.0,204.0,218.0,205.0,224.0,205.0,231.0,205.0,242.0,207.0,249.0,208.0,261.0,209.0,269.0,209.0,275.0,210.0,283.0,210.0,289.0,210.0,300.0,210.0,314.0,210.0,326.0,209.0,336.0,205.0,351.0,202.0,357.0,200.0,363.0,198.0,368.0,195.0,370.0,190.0,376.0,181.0,379.0,173.0,381.0,168.0,382.0,161.0,383.0,150.0,383.0,140.0,383.0,133.0,383.0,124.0,381.0,114.0,378.0,107.0,372.0,102.0,367.0,95.0,358.0,87.0,348.0,82.0,337.0,76.0,327.0,73.0,316.0,71.0,305.0,69.0,300.0,69.0,295.0,69.0,293.0,69.0,287.0,69.0,282.0,72.0,277.0,77.0,273.0,81.0,265.0,88.0,259.0,94.0,256.0,98.0,253.0,99.0,251.0,103.0,251.0,111.0,250.0,117.0,250.0,123.0,250.0,129.0,250.0,133.0,253.0,146.0,254.0,150.0,256.0,152.0,257.0,153.0,260.0,155.0,265.0,157.0,271.0,158.0,280.0,160.0,291.0,161.0,305.0,163.0,313.0,163.0,317.0,163.0,319.0,163.0,321.0,163.0,323.0,162.0,325.0,159.0,326.0,154.0,327.0,150.0,327.0,138.0,327.0,132.0,327.0,126.0,326.0,120.0,321.0,115.0,318.0,111.0,315.0,108.0,313.0,106.0,307.0,105.0,300.0,103.0,295.0,101.0,291.0,101.0,290.0,101.0,289.0,101.0,287.0,101.0,286.0,101.0,284.0,102.0,283.0,108.0,283.0,112.0,283.0,117.0,283.0,121.0,283.0,124.0,283.0,126.0,283.0,128.0,283.0,130.0,283.0,132.0,283.0,134.0,283.0,135.0,283.0,135.0,283.0,136.0,283.0,136.0,283.0,136.0,283.0,136.0,283.0,136.0,283.0,136.0,283.0,136.0,283.0,136.0,283.0,136.0,
2,3,44.0,64.0,44.0,68.0,44.0,73.0,44.0,78.0,44.0,84.0,44.0,93.0,45.0,97.0,47.0,102.0,49.0,107.0,52.0,112.0,59.0,123.0,63.0,132.0,70.0,141.0,81.0,153.0,88.0,162.0,97.0,173.0,103.0,180.0,114.0,188.0,126.0,201.0,136.0,209.0,146.0,215.0,166.0,223.0,169.0,224.0,189.0,229.0,206.0,231.0,225.0,234.0,243.0,236.0,271.0,240.0,286.0,241.0,301.0,241.0,312.0,241.0,319.0,241.0,328.0,239.0,337.0,235.0,343.0,232.0,350.0,229.0,361.0,223.0,364.0,219.0,369.0,216.0,375.0,211.0,380.0,203.0,382.0,198.0,383.0,192.0,385.0,183.0,385.0,177.0,385.0,163.0,385.0,154.0,385.0,147.0,381.0,137.0,377.0,129.0,369.0,114.0,361.0,105.0,358.0,101.0,352.0,94.0,345.0,88.0,340.0,84.0,335.0,82.0,329.0,80.0,322.0,79.0,317.0,78.0,313.0,77.0,311.0,77.0,306.0,77.0,304.0,77.0,301.0,77.0,299.0,77.0,297.0,78.0,291.0,84.0,289.0,85.0,285.0,88.0,284.0,89.0,280.0,93.0,277.0,98.0,274.0,103.0,271.0,109.0,269.0,115.0,266.0,120.0,265.0,124.0,264.0,131.0,264.0,138.0,264.0,142.0,264.0,152.0,264.0,155.0,266.0,163.0,269.0,167.0,273.0,174.0,278.0,178.0,284.0,182.0,292.0,186.0,297.0,188.0,305.0,192.0,309.0,192.0,313.0,192.0,317.0,192.0,319.0,190.0,322.0,188.0,327.0,185.0,328.0,183.0,332.0,176.0,334.0,173.0,336.0,169.0,337.0,163.0,338.0,160.0,338.0,155.0,338.0,152.0,338.0,148.0,338.0,145.0,338.0,140.0,337.0,135.0,335.0,133.0,334.0,130.0,331.0,128.0,327.0,127.0,326.0,126.0,321.0,125.0,319.0,124.0,318.0,124.0,317.0,124.0,315.0,124.0,313.0,124.0,312.0,124.0,307.0,126.0,306.0,128.0,305.0,129.0,303.0,131.0,301.0,132.0,300.0,136.0,300.0,138.0,300.0,141.0,300.0,144.0,300.0,149.0,300.0,153.0,301.0,157.0,303.0,159.0,305.0,164.0,306.0,165.0,306.0,165.0,308.0,167.0,308.0,167.0,311.0,168.0,312.0,169.0,312.0,169.0,314.0,169.0,314.0,169.0,314.0,169.0,314.0,169.0,314.0,169.0,314.0,169.0,
2,3,52.0,60.0,52.0,61.0,52.0,64.0,52.0,67.0,52.0,71.0,52.0,77.0,52.0,83.0,52.0,91.0,52.0,95.0,52.0,102.0,54.0,107.0,57.0,113.0,57.0,116.0,60.0,121.0,62.0,126.0,67.0,134.0,72.0,146.0,79.0,156.0,83.0,163.0,86.0,168.0,97.0,180.0,105.0,187.0,115.0,195.0,123.0,200.0,135.0,205.0,152.0,213.0,162.0,217.0,170.0,218.0,174.0,221.0,184.0,225.0,191.0,228.0,196.0,230.0,206.0,232.0,213.0,233.0,223.0,235.0,232.0,236.0,241.0,237.0,253.0,237.0,269.0,237.0,279.0,237.0,288.0,237.0,298.0,237.0,307.0,237.0,318.0,237.0,325.0,237.0,331.0,234.0,337.0,231.0,341.0,225.0,345.0,220.0,350.0,215.0,354.0,208.0,359.0,200.0,363.0,194.0,363.0,189.0,367.0,183.0,369.0,176.0,369.0,168.0,370.0,161.0,370.0,157.0,370.0,153.0,370.0,144.0,370.0,138.0,370.0,132.0,369.0,127.0,366.0,120.0,362.0,112.0,361.0,110.0,360.0,106.0,357.0,103.0,354.0,100.0,352.0,99.0,350.0,97.0,347.0,96.0,345.0,95.0,337.0,90.0,330.0,89.0,326.0,88.0,320.0,87.0,317.0,87.0,315.0,87.0,309.0,87.0,307.0,87.0,302.0,89.0,297.0,92.0,292.0,95.0,287.0,96.0,284.0,99.0,278.0,102.0,276.0,106.0,274.0,110.0,271.0,116.0,269.0,125.0,268.0,131.0,267.0,139.0,267.0,145.0,267.0,152.0,267.0,160.0,269.0,164.0,273.0,171.0,276.0,177.0,284.0,186.0,287.0,188.0,289.0,189.0,291.0,190.0,297.0,191.0,306.0,191.0,313.0,191.0,320.0,191.0,328.0,190.0,331.0,188.0,335.0,183.0,337.0,181.0,341.0,176.0,342.0,167.0,343.0,160.0,343.0,156.0,343.0,152.0,343.0,147.0,343.0,141.0,343.0,136.0,341.0,134.0,339.0,130.0,337.0,128.0,334.0,127.0,333.0,125.0,331.0,125.0,328.0,125.0,328.0,125.0,326.0,125.0,323.0,125.0,321.0,125.0,320.0,126.0,318.0,127.0,316.0,129.0,314.0,131.0,313.0,132.0,311.0,134.0,311.0,135.0,311.0,139.0,311.0,142.0,311.0,146.0,311.0,149.0,311.0,153.0,311.0,158.0,311.0,158.0,312.0,160.0,312.0,160.0,318.0,164.0,318.0,164.0,321.0,164.0,322.0,164.0,324.0,164.0,326.0,164.0,329.0,164.0,329.0,164.0,329.0,164.0,329.0,164.0,329.0,164.0,329.0,164.0,329.0,164.0,329.0,164.0,330.0,164.0,330.0,164.0,
2,4,270.0,45.0,270.0,45.0,270.0,45.0,270.0,45.0,270.0,45.0,268.0,49.0,267.0,51.0,265.0,55.0,263.0,58.0,262.0,63.0,259.0,67.0,255.0,71.0,254.0,73.0,252.0,78.0,250.0,81.0,246.0,87.0,243.0,92.0,238.0,97.0,236.0,100.0,231.0,106.0,228.0,112.0,223.0,117.0,220.0,122.0,218.0,125.0,216.0,127.0,211.0,133.0,207.0,140.0,206.0,143.0,203.0,149.0,201.0,154.0,200.0,157.0,200.0,160.0,199.0,163.0,199.0,168.0,199.0,173.0,199.0,176.0,199.0,180.0,199.0,181.0,199.0,183.0,199.0,186.0,199.0,189.0,199.0,193.0,200.0,196.0,200.0,201.0,202.0,205.0,203.0,209.0,204.0,210.0,205.0,213.0,207.0,217.0,210.0,222.0,211.0,224.0,213.0,226.0,216.0,232.0,218.0,234.0,220.0,238.0,222.0,241.0,225.0,244.0,227.0,245.0,228.0,247.0,230.0,249.0,235.0,250.0,242.0,252.0,246.0,254.0,251.0,255.0,258.0,256.0,267.0,258.0,273.0,259.0,278.0,259.0,285.0,260.0,294.0,261.0,301.0,261.0,306.0,261.0,310.0,261.0,318.0,261.0,323.0,261.0,327.0,261.0,330.0,261.0,332.0,261.0,337.0,260.0,340.0,259.0,344.0,258.0,349.0,255.0,353.0,253.0,360.0,249.0,362.0,247.0,364.0,246.0,365.0,244.0,367.0,242.0,370.0,240.0,372.0,236.0,373.0,234.0,375.0,229.0,375.0,227.0,376.0,224.0,376.0,221.0,376.0,220.0,376.0,218.0,376.0,214.0,376.0,210.0,375.0,205.0,372.0,201.0,368.0,192.0,367.0,189.0,365.0,186.0,363.0,182.0,360.0,174.0,356.0,170.0,353.0,162.0,352.0,161.0,349.0,156.0,348.0,153.0,346.0,151.0,345.0,149.0,340.0,146.0,338.0,143.0,336.0,140.0,334.0,136.0,332.0,132.0,331.0,130.0,326.0,125.0,325.0,120.0,321.0,116.0,318.0,112.0,313.0,105.0,311.0,101.0,310.0,98.0,306.0,95.0,303.0,89.0,300.0,85.0,297.0,80.0,294.0,75.0,291.0,69.0,287.0,61.0,285.0,57.0,283.0,56.0,282.0,54.0,282.0,54.0,281.0,54.0,281.0,54.0,281.0,54.0,281.0,54.0,281.0,54.0,281.0,54.0,281.0,54.0,281.0,54.0,281.0,54.0,281.0,54.0,281.0,54.0,281.0,54.0,281.0,54.0,281.0,54.0,281.0,54.0,281.0,54.0,281.0,54.0,281.0,54.0,281.0,54.0,281.0,54.0,281.0,54.0,281.0,54.0,281.0,54.0,281.0,54.0,281.0,54.0,281.0,54.0,281.0,54.0,281.0,54.0,281.0,54.0,281.0,54.0,281.0,54.0,281.0,54.0,281.0,54.0,281.0,54.0,281.0,54.0,281.0,54.0,281.0,54.0,281.0,54.0,281.0,54.0,281.0,54.0,281.0,54.0,281.0,54.0,281.0,53.0,281.0,56.0,281.0,63.0,281.0,68.0,281.0,73.0,281.0,83.0,281.0,99.0,281.0,108.0,281.0,118.0,281.0,132.0,281.0,145.0,281.0,167.0,281.0,182.0,281.0,198.0,281.0,211.0,281.0,225.0,281.0,243.0,281.0,255.0,281.0,266.0,281.0,275.0,281.0,286.0,281.0,293.0,281.0,301.0,281.0,307.0,281.0,314.0,281.0,316.0,281.0,321.0,281.0,326.0,281.0,329.0,281.0,333.0,281.0,333.0,281.0,333.0,281.0,335.0,281.0,342.0,283.0,347.0,283.0,352.0,284.0,354.0,284.0,354.0,284.0,354.0,284.0,354.0,284.0,356.0,284.0,356.0,284.0,357.0,284.0,359.0,284.0,359.0,284.0,361.0,284.0,367.0,284.0,371.0,284.0,372.0,284.0,372.0,284.0,372.0,284.0,372.0,284.0,372.0,284.0,372.0,284.0,372.0,284.0,372.0,284.0,372.0,284.0,372.0,284.0,372.0,284.0,372.0,284.0,372.0,
2,4,279.0,32.0,279.0,32.0,279.0,32.0,279.0,32.0,277.0,31.0,276.0,34.0,273.0,39.0,268.0,45.0,266.0,47.0,265.0,48.0,263.0,50.0,262.0,52.0,260.0,56.0,258.0,59.0,256.0,60.0,253.0,66.0,251.0,72.0,248.0,77.0,245.0,83.0,241.0,89.0,236.0,98.0,233.0,105.0,230.0,112.0,228.0,119.0,225.0,122.0,222.0,128.0,220.0,134.0,218.0,136.0,217.0,140.0,214.0,149.0,213.0,154.0,212.0,157.0,210.0,160.0,208.0,164.0,208.0,170.0,208.0,174.0,208.0,179.0,208.0,184.0,208.0,188.0,208.0,194.0,208.0,197.0,208.0,199.0,208.0,206.0,209.0,210.0,211.0,213.0,215.0,219.0,216.0,223.0,220.0,227.0,222.0,231.0,226.0,234.0,229.0,238.0,233.0,241.0,241.0,246.0,246.0,249.0,252.0,253.0,260.0,254.0,267.0,257.0,275.0,259.0,283.0,260.0,294.0,260.0,301.0,260.0,314.0,261.0,322.0,262.0,326.0,262.0,332.0,262.0,337.0,262.0,341.0,262.0,344.0,262.0,349.0,262.0,354.0,261.0,361.0,259.0,366.0,257.0,371.0,253.0,375.0,250.0,380.0,247.0,385.0,242.0,388.0,237.0,389.0,234.0,389.0,233.0,389.0,227.0,389.0,222.0,389.0,217.0,389.0,213.0,387.0,205.0,384.0,199.0,380.0,194.0,378.0,190.0,375.0,184.0,369.0,175.0,366.0,171.0,363.0,167.0,359.0,160.0,357.0,156.0,353.0,150.0,348.0,143.0,345.0,138.0,339.0,129.0,334.0,122.0,332.0,117.0,329.0,111.0,325.0,105.0,321.0,97.0,317.0,91.0,314.0,87.0,310.0,80.0,305.0,74.0,300.0,68.0,299.0,65.0,295.0,60.0,294.0,57.0,290.0,53.0,288.0,48.0,286.0,47.0,285.0,44.0,282.0,41.0,282.0,41.0,280.0,37.0,280.0,37.0,280.0,37.0,279.0,36.0,279.0,35.0,279.0,35.0,279.0,35.0,279.0,35.0,279.0,35.0,279.0,35.0,279.0,35.0,279.0,35.0,279.0,35.0,279.0,35.0,279.0,35.0,279.0,35.0,279.0,37.0,279.0,46.0,279.0,54.0,279.0,63.0,279.0,75.0,279.0,92.0,279.0,100.0,279.0,112.0,279.0,123.0,279.0,136.0,279.0,143.0,279.0,150.0,279.0,157.0,279.0,166.0,279.0,177.0,279.0,185.0,280.0,193.0,280.0,197.0,281.0,207.0,282.0,215.0,282.0,222.0,282.0,226.0,284.0,232.0,284.0,236.0,284.0,240.0,285.0,245.0,286.0,250.0,286.0,256.0,287.0,261.0,287.0,267.0,289.0,273.0,289.0,277.0,290.0,282.0,290.0,285.0,290.0,288.0,290.0,293.0,290.0,299.0,290.0,303.0,290.0,309.0,290.0,311.0,290.0,316.0,290.0,320.0,290.0,325.0,290.0,329.0,290.0,338.0,290.0,340.0,290.0,343.0,290.0,349.0,290.0,352.0,290.0,354.0,290.0,355.0,290.0,358.0,290.0,359.0,290.0,363.0,290.0,364.0,290.0,367.0,290.0,370.0,290.0,371.0,290.0,371.0,290.0,371.0,290.0,371.0,290.0,371.0,290.0,371.0,290.0,371.0,290.0,371.0,290.0,371.0,290.0,371.0,290.0,371.0,287.0,367.0,
2,4,277.0,25.0,277.0,25.0,277.0,29.0,277.0,31.0,273.0,40.0,270.0,44.0,267.0,49.0,265.0,52.0,261.0,57.0,257.0,63.0,255.0,70.0,252.0,75.0,250.0,79.0,246.0,88.0,245.0,91.0,241.0,96.0,237.0,101.0,234.0,107.0,231.0,110.0,225.0,120.0,223.0,125.0,220.0,130.0,216.0,135.0,214.0,140.0,211.0,143.0,209.0,148.0,206.0,153.0,205.0,156.0,204.0,160.0,202.0,166.0,202.0,170.0,201.0,173.0,201.0,180.0,201.0,184.0,201.0,187.0,201.0,191.0,201.0,198.0,201.0,202.0,201.0,207.0,201.0,211.0,201.0,213.0,204.0,218.0,206.0,224.0,209.0,227.0,213.0,230.0,214.0,232.0,216.0,235.0,219.0,237.0,220.0,239.0,225.0,242.0,235.0,245.0,244.0,249.0,252.0,251.0,262.0,255.0,272.0,258.0,281.0,260.0,288.0,261.0,297.0,263.0,306.0,263.0,316.0,263.0,322.0,263.0,327.0,263.0,333.0,263.0,342.0,263.0,347.0,263.0,352.0,263.0,359.0,262.0,366.0,259.0,373.0,256.0,377.0,253.0,381.0,248.0,384.0,245.0,387.0,240.0,389.0,233.0,390.0,230.0,390.0,227.0,390.0,222.0,390.0,220.0,390.0,216.0,387.0,213.0,384.0,208.0,378.0,199.0,376.0,195.0,370.0,188.0,366.0,182.0,361.0,173.0,359.0,168.0,353.0,158.0,350.0,155.0,347.0,149.0,340.0,138.0,336.0,132.0,334.0,128.0,331.0,121.0,326.0,109.0,321.0,101.0,319.0,95.0,315.0,86.0,311.0,79.0,307.0,69.0,304.0,64.0,300.0,57.0,298.0,52.0,296.0,48.0,295.0,45.0,293.0,40.0,289.0,34.0,288.0,30.0,286.0,27.0,285.0,24.0,285.0,24.0,284.0,23.0,284.0,23.0,284.0,23.0,284.0,23.0,284.0,23.0,284.0,23.0,284.0,23.0,283.0,33.0,282.0,45.0,282.0,57.0,282.0,76.0,282.0,88.0,282.0,100.0,282.0,120.0,282.0,132.0,282.0,137.0,282.0,149.0,282.0,157.0,282.0,163.0,283.0,173.0,283.0,184.0,284.0,192.0,285.0,200.0,285.0,207.0,286.0,216.0,286.0,222.0,286.0,227.0,286.0,234.0,286.0,244.0,286.0,249.0,286.0,257.0,286.0,261.0,286.0,271.0,286.0,280.0,286.0,288.0,286.0,293.0,286.0,300.0,286.0,305.0,286.0,310.0,286.0,314.0,286.0,316.0,286.0,321.0,286.0,325.0,286.0,330.0,286.0,331.0,286.0,333.0,286.0,333.0,286.0,336.0,286.0,338.0,286.0,339.0,286.0,341.0,286.0,343.0,286.0,345.0,286.0,347.0,286.0,347.0,286.0,348.0,286.0,351.0,286.0,352.0,286.0,355.0,286.0,359.0,286.0,361.0,286.0,363.0,286.0,366.0,286.0,368.0,286.0,370.0,286.0,370.0,286.0,371.0,286.0,371.0,286.0,372.0,286.0,372.0,286.0,372.0,286.0,372.0,286.0,372.0,286.0,372.0,286.0,372.0,285.0,373.0,283.0,373.0,
2,5,318.0,53.0,313.0,53.0,306.0,55.0,302.0,57.0,293.0,61.0,289.0,63.0,283.0,67.0,276.0,73.0,272.0,78.0,269.0,82.0,266.0,88.0,263.0,94.0,260.0,103.0,258.0,109.0,256.0,116.0,255.0,123.0,253.0,130.0,251.0,142.0,248.0,149.0,247.0,156.0,246.0,162.0,245.0,172.0,245.0,176.0,245.0,181.0,245.0,188.0,245.0,195.0,245.0,204.0,246.0,209.0,250.0,214.0,252.0,218.0,256.0,225.0,259.0,229.0,261.0,232.0,265.0,235.0,270.0,240.0,273.0,244.0,279.0,246.0,281.0,248.0,284.0,250.0,289.0,253.0,295.0,255.0,299.0,257.0,305.0,259.0,310.0,261.0,317.0,262.0,326.0,263.0,333.0,264.0,339.0,265.0,348.0,265.0,356.0,265.0,367.0,265.0,371.0,265.0,379.0,265.0,383.0,265.0,388.0,265.0,390.0,265.0,391.0,265.0,391.0,265.0,391.0,265.0,391.0,265.0,391.0,265.0,391.0,265.0,391.0,265.0,391.0,265.0,391.0,265.0,391.0,265.0,391.0,265.0,386.0,263.0,378.0,259.0,372.0,257.0,358.0,250.0,351.0,247.0,344.0,245.0,341.0,242.0,340.0,241.0,336.0,238.0,333.0,236.0,331.0,234.0,328.0,232.0,325.0,228.0,323.0,225.0,319.0,222.0,319.0,221.0,317.0,218.0,316.0,214.0,314.0,206.0,314.0,205.0,312.0,201.0,311.0,195.0,311.0,190.0,311.0,184.0,311.0,179.0,311.0,171.0,311.0,166.0,311.0,162.0,311.0,158.0,311.0,151.0,313.0,143.0,315.0,137.0,316.0,133.0,318.0,128.0,320.0,123.0,321.0,118.0,324.0,114.0,325.0,110.0,327.0,105.0,329.0,100.0,330.0,94.0,332.0,92.0,334.0,88.0,336.0,82.0,337.0,79.0,340.0,76.0,341.0,73.0,343.0,71.0,345.0,68.0,346.0,65.0,348.0,64.0,349.0,63.0,352.0,61.0,353.0,60.0,354.0,59.0,354.0,58.0,355.0,58.0,356.0,57.0,357.0,56.0,357.0,56.0,357.0,56.0,358.0,55.0,359.0,54.0,359.0,54.0,359.0,54.0,359.0,54.0,359.0,54.0,359.0,54.0,359.0,54.0,359.0,54.0,359.0,54.0,359.0,54.0,359.0,54.0,357.0,54.0,356.0,54.0,349.0,54.0,346.0,54.0,344.0,54.0,339.0,54.0,338.0,54.0,335.0,54.0,332.0,54.0,331.0,54.0,329.0,54.0,324.0,55.0,321.0,55.0,319.0,55.0,318.0,55.0,316.0,55.0,313.0,55.0,312.0,55.0,309.0,56.0,304.0,58.0,302.0,60.0,299.0,61.0,295.0,64.0,295.0,64.0,293.0,67.0,292.0,67.0,292.0,68.0,290.0,70.0,289.0,72.0,
2,5,366.0,49.0,366.0,49.0,362.0,49.0,358.0,49.0,351.0,49.0,340.0,49.0,325.0,49.0,316.0,50.0,309.0,52.0,301.0,54.0,296.0,56.0,291.0,58.0,288.0,60.0,284.0,62.0,276.0,69.0,275.0,70.0,269.0,75.0,266.0,77.0,262.0,81.0,259.0,85.0,254.0,89.0,250.0,93.0,245.0,98.0,243.0,101.0,237.0,108.0,234.0,112.0,231.0,117.0,229.0,121.0,227.0,125.0,226.0,131.0,224.0,136.0,222.0,143.0,221.0,151.0,220.0,158.0,220.0,162.0,220.0,166.0,220.0,171.0,220.0,178.0,220.0,183.0,220.0,188.0,220.0,191.0,223.0,196.0,225.0,202.0,227.0,208.0,229.0,210.0,231.0,215.0,236.0,220.0,238.0,223.0,241.0,227.0,245.0,231.0,248.0,235.0,255.0,239.0,258.0,241.0,262.0,244.0,266.0,247.0,271.0,249.0,275.0,251.0,282.0,254.0,289.0,257.0,297.0,262.0,301.0,263.0,305.0,264.0,309.0,265.0,316.0,267.0,323.0,269.0,328.0,270.0,334.0,270.0,339.0,270.0,352.0,270.0,358.0,270.0,364.0,270.0,369.0,270.0,377.0,270.0,381.0,270.0,385.0,270.0,386.0,270.0,386.0,270.0,386.0,270.0,386.0,270.0,386.0,270.0,386.0,270.0,386.0,270.0,386.0,270.0,386.0,270.0,386.0,270.0,386.0,270.0,386.0,270.0,384.0,270.0,381.0,268.0,376.0,267.0,372.0,265.0,365.0,260.0,359.0,257.0,356.0,256.0,349.0,252.0,341.0,246.0,339.0,245.0,337.0,243.0,336.0,242.0,334.0,239.0,332.0,237.0,328.0,231.0,327.0,226.0,325.0,222.0,322.0,213.0,320.0,208.0,317.0,196.0,316.0,193.0,313.0,184.0,313.0,179.0,313.0,172.0,312.0,164.0,312.0,156.0,312.0,150.0,312.0,146.0,312.0,137.0,312.0,132.0,312.0,128.0,312.0,125.0,313.0,122.0,315.0,116.0,315.0,113.0,317.0,106.0,319.0,101.0,321.0,97.0,323.0,92.0,325.0,87.0,327.0,85.0,330.0,79.0,331.0,77.0,334.0,73.0,335.0,71.0,338.0,67.0,342.0,64.0,344.0,62.0,346.0,60.0,348.0,58.0,351.0,56.0,352.0,55.0,356.0,52.0,356.0,52.0,358.0,51.0,359.0,51.0,360.0,49.0,360.0,49.0,362.0,48.0,363.0,47.0,363.0,47.0,363.0,47.0,363.0,47.0,363.0,47.0,363.0,47.0,363.0,47.0,363.0,47.0,363.0,47.0,363.0,47.0,363.0,47.0,360.0,47.0,356.0,47.0,351.0,47.0,338.0,47.0,337.0,47.0,332.0,47.0,327.0,47.0,324.0,48.0,321.0,48.0,318.0,50.0,316.0,52.0,309.0,54.0,305.0,56.0,302.0,56.0,295.0,58.0,290.0,61.0,278.0,72.0,
2,5,344.0,47.0,344.0,47.0,344.0,47.0,339.0,49.0,331.0,53.0,312.0,58.0,305.0,59.0,292.0,62.0,279.0,66.0,272.0,71.0,269.0,75.0,263.0,79.0,258.0,83.0,252.0,89.0,249.0,92.0,247.0,95.0,243.0,102.0,241.0,106.0,239.0,110.0,236.0,113.0,233.0,119.0,231.0,122.0,229.0,125.0,228.0,128.0,226.0,132.0,224.0,138.0,224.0,143.0,222.0,147.0,222.0,151.0,220.0,158.0,219.0,162.0,218.0,166.0,218.0,170.0,218.0,176.0,218.0,184.0,218.0,189.0,219.0,195.0,221.0,198.0,222.0,201.0,222.0,206.0,224.0,208.0,224.0,211.0,225.0,214.0,229.0,220.0,231.0,222.0,234.0,226.0,237.0,229.0,242.0,237.0,247.0,239.0,254.0,243.0,264.0,249.0,269.0,252.0,275.0,256.0,278.0,256.0,289.0,263.0,295.0,266.0,301.0,268.0,307.0,271.0,318.0,274.0,323.0,275.0,329.0,275.0,334.0,276.0,338.0,277.0,346.0,277.0,355.0,277.0,363.0,277.0,365.0,277.0,370.0,277.0,372.0,277.0,375.0,277.0,376.0,277.0,377.0,277.0,377.0,277.0,377.0,277.0,377.0,277.0,377.0,277.0,377.0,277.0,377.0,277.0,377.0,277.0,377.0,277.0,377.0,277.0,377.0,277.0,377.0,277.0,377.0,277.0,377.0,277.0,377.0,277.0,377.0,277.0,377.0,277.0,377.0,277.0,377.0,277.0,377.0,277.0,377.0,277.0,377.0,277.0,377.0,277.0,377.0,277.0,377.0,277.0,351.0,34.0,351.0,34.0,351.0,34.0,351.0,34.0,350.0,34.0,344.0,34.0,336.0,37.0,322.0,39.0,312.0,40.0,305.0,42.0,296.0,44.0,291.0,46.0,285.0,50.0,281.0,54.0,277.0,57.0,273.0,61.0,265.0,69.0,260.0,74.0,254.0,78.0,249.0,85.0,244.0,94.0,239.0,105.0,235.0,111.0,233.0,117.0,231.0,121.0,230.0,129.0,229.0,134.0,229.0,136.0,229.0,139.0,229.0,142.0,229.0,148.0,229.0,151.0,229.0,156.0,229.0,163.0,229.0,169.0,229.0,173.0,229.0,178.0,229.0,182.0,229.0,188.0,229.0,195.0,230.0,199.0,232.0,203.0,232.0,207.0,235.0,210.0,237.0,216.0,238.0,218.0,240.0,223.0,242.0,226.0,244.0,229.0,245.0,232.0,249.0,236.0,253.0,241.0,256.0,245.0,259.0,249.0,261.0,252.0,264.0,254.0,269.0,258.0,274.0,261.0,278.0,265.0,282.0,266.0,287.0,269.0,297.0,272.0,303.0,274.0,309.0,276.0,312.0,278.0,315.0,279.0,319.0,280.0,325.0,281.0,329.0,282.0,334.0,282.0,342.0,283.0,347.0,285.0,351.0,285.0,357.0,286.0,362.0,286.0,366.0,286.0,370.0,286.0,374.0,286.0,378.0,286.0,382.0,286.0,382.0,286.0,382.0,286.0,382.0,286.0,382.0,286.0,382.0,286.0,382.0,286.0,382.0,286.0,382.0,286.0,382.0,286.0,382.0,286.0,382.0,286.0,382.0,286.0,379.0,282.0,375.0,276.0,370.0,272.0,366.0,268.0,362.0,262.0,358.0,257.0,355.0,254.0,353.0,251.0,351.0,247.0,349.0,242.0,343.0,231.0,340.0,226.0,336.0,220.0,333.0,215.0,329.0,208.0,327.0,202.0,324.0,194.0,324.0,188.0,321.0,179.0,320.0,174.0,319.0,159.0,319.0,158.0,319.0,149.0,319.0,144.0,319.0,138.0,319.0,132.0,320.0,122.0,322.0,117.0,323.0,112.0,325.0,106.0,329.0,97.0,332.0,89.0,334.0,85.0,336.0,80.0,339.0,75.0,342.0,68.0,343.0,66.0,346.0,60.0,347.0,57.0,352.0,52.0,353.0,50.0,355.0,46.0,356.0,45.0,357.0,43.0,359.0,41.0,360.0,39.0,362.0,38.0,364.0,36.0,365.0,34.0,366.0,33.0,368.0,33.0,369.0,31.0,370.0,31.0,370.0,30.0,372.0,28.0,372.0,28.0,372.0,28.0,372.0,28.0,372.0,28.0,372.0,28.0,372.0,28.0,372.0,28.0,372.0,28.0,372.0,28.0,371.0,28.0,368.0,28.0,367.0,28.0,364.0,29.0,362.0,30.0,361.0,30.0,361.0,30.0,360.0,30.0,359.0,31.0,359.0,31.0,359.0,32.0,356.0,34.0,
2,5,237.0,35.0,235.0,35.0,231.0,35.0,219.0,41.0,212.0,45.0,199.0,53.0,189.0,62.0,183.0,69.0,173.0,82.0,166.0,95.0,163.0,104.0,158.0,111.0,156.0,118.0,153.0,129.0,153.0,137.0,152.0,146.0,152.0,158.0,152.0,167.0,152.0,176.0,152.0,188.0,152.0,190.0,157.0,199.0,162.0,209.0,165.0,214.0,168.0,219.0,173.0,223.0,179.0,230.0,184.0,236.0,190.0,240.0,197.0,244.0,199.0,245.0,204.0,247.0,209.0,249.0,212.0,250.0,218.0,252.0,224.0,254.0,229.0,254.0,234.0,257.0,243.0,259.0,252.0,261.0,257.0,265.0,265.0,266.0,273.0,268.0,283.0,270.0,288.0,270.0,294.0,271.0,297.0,271.0,299.0,271.0,299.0,271.0,299.0,271.0,299.0,271.0,299.0,271.0,299.0,271.0,299.0,271.0,299.0,271.0,299.0,271.0,299.0,271.0,299.0,271.0,299.0,271.0,299.0,271.0,297.0,270.0,295.0,269.0,290.0,266.0,286.0,264.0,284.0,263.0,281.0,262.0,280.0,261.0,276.0,259.0,273.0,257.0,269.0,256.0,267.0,253.0,263.0,251.0,259.0,248.0,254.0,245.0,250.0,241.0,246.0,236.0,245.0,234.0,241.0,229.0,238.0,223.0,235.0,216.0,230.0,207.0,228.0,202.0,227.0,195.0,224.0,187.0,223.0,179.0,221.0,166.0,221.0,160.0,221.0,151.0,221.0,144.0,221.0,136.0,221.0,131.0,221.0,124.0,221.0,116.0,224.0,109.0,226.0,104.0,228.0,100.0,230.0,93.0,233.0,87.0,235.0,83.0,239.0,76.0,241.0,73.0,243.0,68.0,246.0,63.0,248.0,58.0,251.0,55.0,253.0,52.0,255.0,49.0,257.0,48.0,260.0,45.0,262.0,42.0,264.0,40.0,268.0,36.0,270.0,34.0,271.0,33.0,271.0,33.0,271.0,33.0,272.0,32.0,273.0,31.0,274.0,30.0,274.0,30.0,275.0,29.0,276.0,29.0,276.0,29.0,276.0,29.0,276.0,29.0,276.0,29.0,276.0,28.0,276.0,28.0,276.0,28.0,274.0,28.0,270.0,28.0,264.0,28.0,260.0,29.0,256.0,29.0,249.0,30.0,245.0,31.0,243.0,32.0,241.0,33.0,240.0,34.0,237.0,34.0,236.0,35.0,233.0,36.0,231.0,38.0,224.0,41.0,216.0,44.0,209.0,47.0,
2,6,230.0,53.0,230.0,53.0,230.0,53.0,229.0,53.0,227.0,55.0,224.0,58.0,220.0,61.0,214.0,67.0,210.0,69.0,208.0,72.0,206.0,74.0,201.0,79.0,198.0,81.0,197.0,84.0,195.0,86.0,193.0,88.0,186.0,97.0,182.0,102.0,177.0,108.0,168.0,116.0,161.0,124.0,157.0,130.0,151.0,135.0,146.0,142.0,142.0,146.0,136.0,150.0,133.0,154.0,131.0,157.0,129.0,159.0,129.0,159.0,129.0,159.0,129.0,159.0,129.0,159.0,129.0,159.0,130.0,159.0,139.0,155.0,150.0,153.0,168.0,152.0,181.0,152.0,189.0,152.0,197.0,152.0,204.0,152.0,218.0,152.0,227.0,152.0,233.0,152.0,240.0,152.0,244.0,151.0,246.0,151.0,247.0,151.0,248.0,151.0,248.0,150.0,249.0,150.0,250.0,149.0,251.0,149.0,251.0,149.0,251.0,149.0,251.0,149.0,251.0,149.0,251.0,149.0,251.0,148.0,250.0,145.0,247.0,141.0,244.0,137.0,239.0,136.0,235.0,131.0,233.0,130.0,232.0,129.0,227.0,125.0,225.0,122.0,223.0,120.0,219.0,116.0,216.0,112.0,212.0,109.0,210.0,107.0,207.0,104.0,203.0,103.0,200.0,101.0,198.0,98.0,196.0,97.0,192.0,94.0,188.0,90.0,185.0,88.0,180.0,83.0,179.0,81.0,175.0,79.0,172.0,76.0,170.0,76.0,168.0,73.0,167.0,71.0,165.0,70.0,165.0,69.0,163.0,68.0,162.0,66.0,161.0,65.0,161.0,65.0,161.0,65.0,161.0,65.0,161.0,65.0,161.0,65.0,161.0,65.0,161.0,67.0,161.0,75.0,161.0,80.0,161.0,88.0,161.0,94.0,162.0,108.0,165.0,115.0,166.0,124.0,168.0,131.0,171.0,139.0,171.0,143.0,172.0,147.0,174.0,153.0,174.0,157.0,176.0,163.0,177.0,168.0,178.0,172.0,179.0,174.0,179.0,175.0,179.0,175.0,179.0,175.0,179.0,175.0,180.0,177.0,180.0,177.0,180.0,177.0,180.0,177.0,180.0,177.0,182.0,177.0,183.0,174.0,184.0,173.0,185.0,168.0,188.0,162.0,190.0,159.0,192.0,155.0,193.0,152.0,195.0,146.0,197.0,144.0,199.0,136.0,199.0,134.0,201.0,129.0,201.0,127.0,203.0,122.0,205.0,116.0,205.0,113.0,207.0,109.0,207.0,106.0,207.0,103.0,208.0,101.0,209.0,98.0,211.0,93.0,211.0,92.0,211.0,89.0,212.0,86.0,213.0,85.0,214.0,83.0,215.0,79.0,217.0,77.0,218.0,73.0,220.0,71.0,220.0,67.0,220.0,66.0,221.0,63.0,222.0,62.0,222.0,60.0,223.0,58.0,223.0,56.0,223.0,55.0,223.0,54.0,224.0,53.0,224.0,53.0,224.0,53.0,
2,6,358.0,57.0,358.0,57.0,358.0,57.0,358.0,57.0,357.0,58.0,352.0,63.0,346.0,68.0,338.0,76.0,328.0,86.0,328.0,87.0,319.0,96.0,314.0,102.0,307.0,110.0,300.0,119.0,298.0,121.0,293.0,130.0,287.0,136.0,285.0,140.0,283.0,142.0,279.0,147.0,278.0,148.0,278.0,148.0,278.0,148.0,278.0,148.0,278.0,148.0,278.0,148.0,278.0,148.0,278.0,149.0,281.0,149.0,285.0,149.0,298.0,146.0,301.0,146.0,311.0,145.0,324.0,145.0,330.0,144.0,335.0,144.0,342.0,144.0,348.0,144.0,355.0,143.0,360.0,143.0,365.0,142.0,370.0,142.0,376.0,141.0,380.0,139.0,385.0,139.0,389.0,139.0,393.0,139.0,393.0,139.0,393.0,139.0,393.0,139.0,393.0,139.0,393.0,139.0,393.0,139.0,393.0,139.0,393.0,139.0,393.0,139.0,393.0,138.0,389.0,134.0,384.0,132.0,375.0,126.0,369.0,121.0,364.0,118.0,355.0,113.0,351.0,110.0,347.0,108.0,342.0,104.0,334.0,100.0,331.0,99.0,325.0,95.0,319.0,91.0,314.0,88.0,311.0,87.0,305.0,84.0,304.0,82.0,301.0,81.0,299.0,78.0,297.0,76.0,294.0,74.0,292.0,74.0,292.0,74.0,292.0,74.0,292.0,74.0,292.0,74.0,292.0,74.0,292.0,74.0,292.0,74.0,292.0,74.0,292.0,74.0,292.0,74.0,291.0,74.0,291.0,81.0,291.0,87.0,293.0,97.0,297.0,106.0,302.0,120.0,306.0,127.0,310.0,136.0,313.0,144.0,316.0,153.0,320.0,162.0,321.0,166.0,323.0,171.0,326.0,175.0,328.0,180.0,329.0,182.0,330.0,185.0,330.0,185.0,330.0,185.0,330.0,185.0,330.0,185.0,330.0,185.0,332.0,185.0,333.0,181.0,335.0,173.0,336.0,166.0,339.0,159.0,341.0,155.0,343.0,148.0,344.0,143.0,345.0,139.0,346.0,135.0,346.0,128.0,347.0,124.0,347.0,121.0,348.0,116.0,348.0,112.0,349.0,108.0,349.0,103.0,349.0,100.0,349.0,95.0,349.0,94.0,349.0,91.0,350.0,89.0,351.0,86.0,351.0,83.0,352.0,79.0,352.0,76.0,353.0,73.0,354.0,68.0,354.0,63.0,354.0,61.0,355.0,59.0,355.0,57.0,356.0,56.0,356.0,56.0,356.0,55.0,356.0,54.0,356.0,53.0,356.0,51.0,357.0,49.0,357.0,48.0,357.0,48.0,357.0,47.0,357.0,47.0,357.0,47.0,357.0,47.0,357.0,47.0,357.0,47.0,
2,6,487.0,55.0,487.0,55.0,487.0,55.0,487.0,55.0,483.0,58.0,476.0,62.0,468.0,66.0,459.0,72.0,452.0,80.0,447.0,84.0,441.0,90.0,435.0,96.0,429.0,103.0,421.0,112.0,418.0,117.0,413.0,121.0,410.0,126.0,406.0,130.0,404.0,132.0,403.0,135.0,402.0,135.0,402.0,135.0,402.0,135.0,402.0,135.0,402.0,135.0,402.0,135.0,402.0,135.0,406.0,135.0,415.0,135.0,422.0,135.0,438.0,134.0,452.0,134.0,464.0,134.0,479.0,134.0,486.0,134.0,492.0,134.0,496.0,133.0,500.0,133.0,504.0,133.0,506.0,133.0,507.0,133.0,508.0,133.0,510.0,133.0,513.0,133.0,517.0,133.0,518.0,133.0,518.0,133.0,518.0,133.0,518.0,133.0,518.0,133.0,518.0,133.0,518.0,133.0,518.0,133.0,518.0,133.0,515.0,127.0,510.0,121.0,500.0,111.0,492.0,105.0,485.0,100.0,479.0,96.0,471.0,89.0,460.0,83.0,455.0,79.0,448.0,76.0,442.0,71.0,436.0,68.0,427.0,60.0,424.0,57.0,421.0,56.0,421.0,56.0,418.0,54.0,418.0,54.0,418.0,54.0,418.0,54.0,418.0,54.0,418.0,54.0,418.0,54.0,418.0,54.0,418.0,54.0,418.0,54.0,418.0,54.0,418.0,59.0,418.0,66.0,419.0,76.0,424.0,89.0,426.0,95.0,429.0,103.0,433.0,111.0,437.0,120.0,440.0,126.0,443.0,132.0,446.0,139.0,448.0,144.0,452.0,151.0,454.0,156.0,457.0,164.0,459.0,170.0,461.0,172.0,461.0,172.0,461.0,172.0,461.0,172.0,461.0,172.0,461.0,172.0,461.0,172.0,461.0,172.0,461.0,172.0,463.0,165.0,464.0,157.0,465.0,153.0,466.0,147.0,467.0,138.0,468.0,133.0,469.0,128.0,469.0,125.0,470.0,121.0,471.0,116.0,472.0,111.0,472.0,109.0,472.0,106.0,473.0,104.0,473.0,99.0,474.0,97.0,475.0,95.0,476.0,90.0,477.0,87.0,477.0,83.0,477.0,81.0,478.0,79.0,479.0,76.0,479.0,73.0,481.0,70.0,481.0,69.0,481.0,68.0,482.0,64.0,482.0,62.0,482.0,59.0,482.0,58.0,482.0,57.0,482.0,57.0,482.0,56.0,482.0,55.0,483.0,54.0,483.0,53.0,484.0,52.0,484.0,51.0,484.0,51.0,484.0,51.0,484.0,51.0,484.0,51.0,484.0,51.0,484.0,51.0,484.0,51.0,
2,6,289.0,53.0,289.0,53.0,289.0,53.0,289.0,53.0,284.0,58.0,278.0,64.0,272.0,70.0,262.0,78.0,256.0,84.0,249.0,90.0,243.0,95.0,236.0,106.0,230.0,112.0,225.0,120.0,222.0,123.0,216.0,134.0,212.0,138.0,211.0,140.0,211.0,141.0,210.0,142.0,210.0,142.0,209.0,143.0,209.0,143.0,208.0,144.0,208.0,144.0,208.0,144.0,208.0,144.0,208.0,144.0,208.0,144.0,208.0,145.0,211.0,145.0,219.0,145.0,229.0,145.0,240.0,145.0,251.0,145.0,261.0,145.0,270.0,145.0,277.0,145.0,286.0,145.0,294.0,145.0,301.0,145.0,309.0,145.0,319.0,145.0,325.0,143.0,332.0,143.0,338.0,143.0,342.0,143.0,342.0,143.0,342.0,143.0,342.0,143.0,342.0,143.0,342.0,143.0,342.0,143.0,342.0,142.0,341.0,141.0,331.0,132.0,319.0,123.0,308.0,115.0,291.0,103.0,280.0,93.0,273.0,88.0,265.0,83.0,258.0,77.0,252.0,73.0,241.0,66.0,235.0,61.0,229.0,57.0,225.0,54.0,223.0,53.0,221.0,51.0,221.0,51.0,221.0,51.0,221.0,51.0,221.0,51.0,221.0,51.0,221.0,51.0,220.0,51.0,220.0,54.0,220.0,68.0,221.0,71.0,227.0,87.0,231.0,102.0,237.0,110.0,242.0,128.0,247.0,137.0,252.0,147.0,256.0,155.0,261.0,164.0,264.0,172.0,267.0,176.0,268.0,180.0,269.0,183.0,271.0,186.0,271.0,186.0,271.0,186.0,271.0,186.0,271.0,186.0,271.0,186.0,271.0,186.0,273.0,183.0,275.0,170.0,277.0,160.0,278.0,154.0,280.0,145.0,283.0,134.0,283.0,128.0,283.0,122.0,284.0,119.0,285.0,114.0,286.0,109.0,287.0,106.0,288.0,104.0,289.0,99.0,289.0,96.0,290.0,94.0,290.0,92.0,291.0,90.0,292.0,86.0,293.0,83.0,293.0,81.0,293.0,78.0,293.0,75.0,294.0,71.0,294.0,69.0,294.0,67.0,295.0,65.0,297.0,63.0,297.0,61.0,297.0,58.0,297.0,56.0,297.0,54.0,297.0,53.0,297.0,52.0,297.0,51.0,297.0,50.0,297.0,50.0,297.0,50.0,297.0,50.0,297.0,50.0,297.0,50.0,297.0,50.0,297.0,50.0,297.0,49.0,297.0,49.0,297.0,49.0,297.0,49.0,297.0,49.0,297.0,49.0,297.0,49.0,
